stand;plot;plot_Ptrap;Nb_sessions_OK;mel_trap;mel_plot;cat_mel_plot;mel_stand;G_all_plot;SR_all;Abdce_all;RS_brachypterous;Abdce_brachypterous;RS_macropterous-di_polymorphic;Abdce_macropterous-di_polymorphic;RS_open_generalist;Abdce_open_generalist;RS_woodland;Abdce_woodland
111;111_1;111_1_E;6;86;93;oak;91;15.875;7;37;7;37;0;0;1;9;6;28
111;111_1;111_1_N;6;100;93;oak;91;15.875;7;36;6;35;1;1;1;3;6;33
111;111_1;111_1_S;5;86;93;oak;91;15.875;7;68;6;67;1;1;2;2;5;66
111;111_1;111_1_W;5;100;93;oak;91;15.875;5;35;5;35;0;0;0;0;5;35
111;111_3;111_3_E;6;69;85;oak;91;20.15;6;46;5;42;1;4;0;0;6;46
111;111_3;111_3_S;5;79;85;oak;91;20.15;8;46;5;42;3;4;2;3;6;43
111;111_3;111_3_W;6;90;85;oak;91;20.15;9;47;6;40;3;7;2;4;7;43
125;125_3;125_3_N;6;0;1;pine;1;24.725;5;12;5;12;0;0;1;1;4;11
125;125_3;125_3_S;5;0;1;pine;1;24.725;6;28;4;26;2;2;2;2;4;26
125;125_3;125_3_W;5;0;1;pine;1;24.725;4;29;4;29;0;0;0;0;4;29
139;139_2;139_2_N;5;4;1;pine;2;23.575;3;4;3;4;0;0;0;0;3;4
139;139_2;139_2_S;6;0;1;pine;2;23.575;5;25;5;25;0;0;2;3;3;22
139;139_4;139_4_E;5;0;4;pine;2;17.85;3;7;3;7;0;0;0;0;3;7
139;139_4;139_4_S;6;4;4;pine;2;17.85;3;5;2;4;1;1;1;1;2;4
14;14_1;14_1_E;5;100;100;oak;100;19.25;7;20;6;19;1;1;1;1;6;19
14;14_1;14_1_N;6;100;100;oak;100;19.25;7;18;6;16;1;2;0;0;7;18
14;14_1;14_1_W;5;100;100;oak;100;19.25;4;5;3;4;1;1;2;2;2;3
14;14_2;14_2_N;5;96;99;oak;100;28.775;7;20;5;17;2;3;0;0;7;20
14;14_2;14_2_S;6;100;99;oak;100;28.775;5;16;5;16;0;0;0;0;5;16
14;14_2;14_2_W;6;100;99;oak;100;28.775;6;10;5;9;1;1;0;0;6;10
15;15_2;15_2_S;5;100;81;oak;81;22.4;7;17;6;16;1;1;1;1;6;16
15;15_2;15_2_W;5;100;81;oak;81;22.4;5;15;5;15;0;0;1;1;4;14
166;166_2;166_2_E;5;69;55;mixed;66;20.975;4;11;4;11;0;0;0;0;4;11
166;166_2;166_2_S;6;21;55;mixed;66;20.975;5;16;5;16;0;0;0;0;5;16
166;166_2;166_2_W;6;81;55;mixed;66;20.975;5;19;5;19;0;0;0;0;5;19
166;166_4;166_4_E;6;68;85;oak;66;24.15;5;20;5;20;0;0;0;0;5;20
166;166_4;166_4_N;6;100;85;oak;66;24.15;6;15;6;15;0;0;0;0;6;15
166;166_4;166_4_S;6;100;85;oak;66;24.15;6;20;4;18;2;2;2;2;4;18
166;166_4;166_4_W;5;71;85;oak;66;24.15;5;25;5;25;0;0;0;0;5;25
215;215_2;215_2_E;6;9.6;32;mixed;21;36.3;5;21;4;20;1;1;0;0;5;21
215;215_2;215_2_N;5;46.8;32;mixed;21;36.3;7;48;6;47;1;1;2;2;5;46
215;215_2;215_2_S;6;61.2;32;mixed;21;36.3;9;27;7;25;2;2;3;3;6;24
215;215_2;215_2_W;6;8.8;32;mixed;21;36.3;6;25;6;25;0;0;0;0;6;25
215;215_3;215_3_E;6;0;8;pine;21;25.475;5;25;5;25;0;0;0;0;5;25
215;215_3;215_3_N;6;0;8;pine;21;25.475;3;11;3;11;0;0;0;0;3;11
215;215_3;215_3_S;6;13;8;pine;21;25.475;6;33;6;33;0;0;0;0;6;33
215;215_3;215_3_W;6;17;8;pine;21;25.475;5;18;4;17;1;1;1;1;4;17
216;216_4;216_4_E;5;55;51;mixed;21;22.85;5;24;4;21;1;3;0;0;5;24
216;216_4;216_4_N;6;5;51;mixed;21;22.85;6;27;5;26;1;1;1;1;5;26
216;216_4;216_4_S;6;85;51;mixed;21;22.85;7;27;6;26;1;1;1;1;6;26
216;216_4;216_4_W;6;60;51;mixed;21;22.85;7;39;6;38;1;1;0;0;7;39
219;219_1;219_1_E;6;0;0;pine;5;28.975;5;31;5;31;0;0;1;1;4;30
219;219_1;219_1_N;6;0;0;pine;5;28.975;8;20;7;18;1;2;1;2;7;18
219;219_1;219_1_S;6;0;0;pine;5;28.975;3;24;2;23;1;1;1;1;2;23
219;219_1;219_1_W;6;0;0;pine;5;28.975;3;45;2;27;1;18;0;0;3;45
219;219_4;219_4_E;6;17;12;pine;5;26.75;9;35;5;28;4;7;1;1;8;34
219;219_4;219_4_N;6;9;12;pine;5;26.75;5;30;4;29;1;1;1;1;4;29
219;219_4;219_4_S;6;22;12;pine;5;26.75;6;43;5;40;1;3;0;0;6;43
219;219_4;219_4_W;6;0;12;pine;5;26.75;7;23;5;17;2;6;0;0;7;23
245;245_2;245_2_E;6;18.2;20;mixed;28;36.325;7;42;6;41;1;1;1;1;6;41
245;245_2;245_2_N;6;15.9;20;mixed;28;36.325;7;47;6;46;1;1;1;1;6;46
245;245_2;245_2_S;6;32.8;20;mixed;28;36.325;8;45;7;44;1;1;3;4;5;41
245;245_2;245_2_W;6;14.1;20;mixed;28;36.325;3;15;3;15;0;0;0;0;3;15
255;255_1;255_1_E;6;91;65;mixed;68;27.425;6;41;6;41;0;0;1;1;5;40
255;255_1;255_1_N;5;55;65;mixed;68;27.425;7;30;7;30;0;0;0;0;7;30
255;255_1;255_1_S;6;80;65;mixed;68;27.425;13;67;7;23;6;44;4;35;9;32
255;255_1;255_1_W;6;32;65;mixed;68;27.425;6;52;5;51;1;1;1;5;5;47
45;45_4;45_4_W;6;100;100;oak;100;28.15;7;44;7;44;0;0;1;1;6;43
50;50_3;50_3_N;6;100;68;mixed;79;21.525;6;35;5;29;1;6;1;12;5;23
50;50_3;50_3_S;5;54.3;68;mixed;79;21.525;5;16;4;15;1;1;2;4;3;12
50;50_3;50_3_W;6;52.9;68;mixed;79;21.525;6;19;5;18;1;1;2;8;4;11
61;61_3;61_3_E;5;57;69;mixed;65;26.975;3;3;2;2;1;1;1;1;2;2
61;61_4;61_4_E;5;50;77;mixed;65;22.875;4;5;3;4;1;1;1;1;3;4
61;61_4;61_4_N;5;80;77;mixed;65;22.875;5;11;4;10;1;1;2;3;3;8
61;61_4;61_4_S;5;99;77;mixed;65;22.875;5;9;4;8;1;1;2;3;3;6
61;61_4;61_4_W;5;80;77;mixed;65;22.875;4;9;4;9;0;0;1;1;3;8
75;75_4;75_4_N;6;9.2;21;mixed;26;35.175;7;33;7;33;0;0;1;1;6;32
75;75_4;75_4_S;6;63.3;21;mixed;26;35.175;9;66;8;65;1;1;1;1;8;65
